{
  "properties": {
    "connectionReferences": {
      "shared_teams": {
        "runtimeSource": "embedded",
        "connection": {
          "connectionReferenceLogicalName": "om_sharedteams_c4e4a"
        },
        "api": {
          "name": "shared_teams"
        }
      },
      "shared_office365": {
        "runtimeSource": "embedded",
        "connection": {
          "connectionReferenceLogicalName": "om_sharedoffice365_a8c4b"
        },
        "api": {
          "name": "shared_office365"
        }
      }
    },
    "definition": {
      "$schema": "https://schema.management.azure.com/providers/Microsoft.Logic/schemas/2016-06-01/workflowdefinition.json#",
      "contentVersion": "1.0.0.0",
      "parameters": {
        "$connections": {
          "defaultValue": {},
          "type": "Object"
        },
        "$authentication": {
          "defaultValue": {},
          "type": "SecureObject"
        },
        "Mastodon-Key (om_MastodonKey)": {
          "defaultValue": "DOPLt298h5jJ6wIFD20bBJs7pz6h8WX_mBe3ih0SX38",
          "type": "String",
          "metadata": {
            "schemaName": "om_MastodonKey"
          }
        },
        "Mastodon Server Link (om_MastodonServerLink)": {
          "defaultValue": "techhub.social",
          "type": "String",
          "metadata": {
            "schemaName": "om_MastodonServerLink"
          }
        }
      },
      "triggers": {
        "manual": {
          "metadata": {
            "operationMetadataId": "1d26df9d-ab84-4947-8114-eb09e376362b"
          },
          "type": "Request",
          "kind": "Button",
          "inputs": {
            "schema": {
              "type": "object",
              "properties": {
                "text": {
                  "title": "ShortText",
                  "type": "string",
                  "x-ms-dynamically-added": true,
                  "description": "Please enter your input",
                  "x-ms-content-hint": "TEXT"
                },
                "text_1": {
                  "description": "Please enter your input",
                  "title": "Link",
                  "type": "string",
                  "x-ms-content-hint": "TEXT",
                  "x-ms-dynamically-added": true
                },
                "text_2": {
                  "description": "Please enter your input",
                  "title": "Heading",
                  "type": "string",
                  "x-ms-content-hint": "TEXT",
                  "x-ms-dynamically-added": true
                }
              },
              "required": [
                "text",
                "text_2"
              ]
            }
          }
        }
      },
      "actions": {
        "HTTP": {
          "runAfter": {},
          "metadata": {
            "operationMetadataId": "7e5da916-7842-4c53-88a9-b500106760c6"
          },
          "type": "Http",
          "inputs": {
            "method": "POST",
            "uri": "https://@{parameters('Mastodon Server Link (om_MastodonServerLink)')}/api/v1/statuses",
            "headers": {
              "Authorization": "Bearer @{parameters('Mastodon-Key (om_MastodonKey)')}",
              "Content-Type": "application/x-www-form-urlencoded"
            },
            "body": "status=@{triggerBody()?['text']}\n@{triggerBody()?['text_1']}"
          }
        },
        "Post_message_in_a_chat_or_channel": {
          "runAfter": {
            "Parse_JSON": [
              "Succeeded"
            ]
          },
          "metadata": {
            "operationMetadataId": "bf849179-1d9d-4646-a9e3-f385503ebcf8"
          },
          "type": "OpenApiConnection",
          "inputs": {
            "host": {
              "apiId": "/providers/Microsoft.PowerApps/apis/shared_teams",
              "connectionName": "shared_teams",
              "operationId": "PostMessageToConversation"
            },
            "parameters": {
              "poster": "Flow bot",
              "location": "Chat with Flow bot",
              "body/recipient": "olli@menzel.it",
              "body/messageBody": "<p>Mastodon toot ID for Article: @{triggerBody()?['text_2']} </p><p>ID: @{body('Parse_JSON')?['id']}</p>"
            },
            "authentication": "@parameters('$authentication')"
          }
        },
        "Parse_JSON": {
          "runAfter": {
            "HTTP": [
              "Succeeded"
            ]
          },
          "metadata": {
            "operationMetadataId": "0adca814-c917-4e3c-81e4-4829d0e16ff2"
          },
          "type": "ParseJson",
          "inputs": {
            "content": "@body('HTTP')",
            "schema": {
              "type": "object",
              "properties": {
                "id": {
                  "type": "string"
                },
                "created_at": {
                  "type": "string"
                },
                "in_reply_to_id": {},
                "in_reply_to_account_id": {},
                "sensitive": {
                  "type": "boolean"
                },
                "spoiler_text": {
                  "type": "string"
                },
                "visibility": {
                  "type": "string"
                },
                "language": {
                  "type": "string"
                },
                "uri": {
                  "type": "string"
                },
                "url": {
                  "type": "string"
                },
                "replies_count": {
                  "type": "integer"
                },
                "reblogs_count": {
                  "type": "integer"
                },
                "favourites_count": {
                  "type": "integer"
                },
                "edited_at": {},
                "favourited": {
                  "type": "boolean"
                },
                "reblogged": {
                  "type": "boolean"
                },
                "muted": {
                  "type": "boolean"
                },
                "bookmarked": {
                  "type": "boolean"
                },
                "pinned": {
                  "type": "boolean"
                },
                "content": {
                  "type": "string"
                },
                "filtered": {
                  "type": "array"
                },
                "reblog": {},
                "application": {
                  "type": "object",
                  "properties": {
                    "name": {
                      "type": "string"
                    },
                    "website": {
                      "type": "string"
                    }
                  }
                },
                "account": {
                  "type": "object",
                  "properties": {
                    "id": {
                      "type": "string"
                    },
                    "username": {
                      "type": "string"
                    },
                    "acct": {
                      "type": "string"
                    },
                    "display_name": {
                      "type": "string"
                    },
                    "locked": {
                      "type": "boolean"
                    },
                    "bot": {
                      "type": "boolean"
                    },
                    "discoverable": {
                      "type": "boolean"
                    },
                    "group": {
                      "type": "boolean"
                    },
                    "created_at": {
                      "type": "string"
                    },
                    "note": {
                      "type": "string"
                    },
                    "url": {
                      "type": "string"
                    },
                    "uri": {
                      "type": "string"
                    },
                    "avatar": {
                      "type": "string"
                    },
                    "avatar_static": {
                      "type": "string"
                    },
                    "header": {
                      "type": "string"
                    },
                    "header_static": {
                      "type": "string"
                    },
                    "followers_count": {
                      "type": "integer"
                    },
                    "following_count": {
                      "type": "integer"
                    },
                    "statuses_count": {
                      "type": "integer"
                    },
                    "last_status_at": {
                      "type": "string"
                    },
                    "noindex": {
                      "type": "boolean"
                    },
                    "emojis": {
                      "type": "array"
                    },
                    "roles": {
                      "type": "array"
                    },
                    "fields": {
                      "type": "array",
                      "items": {
                        "type": "object",
                        "properties": {
                          "name": {
                            "type": "string"
                          },
                          "value": {
                            "type": "string"
                          },
                          "verified_at": {
                            "type": "string"
                          }
                        },
                        "required": [
                          "name",
                          "value",
                          "verified_at"
                        ]
                      }
                    }
                  }
                },
                "media_attachments": {
                  "type": "array"
                },
                "mentions": {
                  "type": "array"
                },
                "tags": {
                  "type": "array"
                },
                "emojis": {
                  "type": "array"
                },
                "card": {},
                "poll": {}
              }
            }
          }
        },
        "Respond_to_a_PowerApp_or_flow": {
          "runAfter": {
            "Post_message_in_a_chat_or_channel": [
              "Succeeded"
            ]
          },
          "metadata": {
            "operationMetadataId": "08680b11-a890-427c-9d4b-0a364b9a1be2"
          },
          "type": "Response",
          "kind": "PowerApp",
          "inputs": {
            "statusCode": 200,
            "body": {
              "status": "Done"
            },
            "schema": {
              "type": "object",
              "properties": {
                "status": {
                  "title": "Status",
                  "x-ms-dynamically-added": true,
                  "type": "string"
                }
              }
            }
          }
        },
        "Respond_to_a_PowerApp_or_flow_2": {
          "runAfter": {
            "Send_an_email_(V2)": [
              "Succeeded"
            ]
          },
          "metadata": {
            "operationMetadataId": "961f6dd1-8de3-43d4-80a5-bdce139eae79"
          },
          "type": "Response",
          "kind": "PowerApp",
          "inputs": {
            "statusCode": 200,
            "body": {
              "status": "Failed"
            },
            "schema": {
              "type": "object",
              "properties": {
                "status": {
                  "title": "Status",
                  "x-ms-dynamically-added": true,
                  "type": "string"
                }
              }
            }
          }
        },
        "Send_an_email_(V2)": {
          "runAfter": {
            "Post_message_in_a_chat_or_channel": [
              "Failed",
              "TimedOut"
            ]
          },
          "metadata": {
            "operationMetadataId": "e3381f5f-ebef-454c-8996-f01cfadf22a7"
          },
          "type": "OpenApiConnection",
          "inputs": {
            "host": {
              "apiId": "/providers/Microsoft.PowerApps/apis/shared_office365",
              "connectionName": "shared_office365",
              "operationId": "SendEmailV2"
            },
            "parameters": {
              "emailMessage/To": "olli@menzel.it",
              "emailMessage/Subject": "Flow failed - Send 2 Mastodon",
              "emailMessage/Body": "<p>@{body('HTTP')}</p>",
              "emailMessage/Importance": "Normal"
            },
            "authentication": {
              "value": "@json(decodeBase64(triggerOutputs().headers['X-MS-APIM-Tokens']))['$ConnectionKey']",
              "type": "Raw"
            }
          }
        }
      }
    },
    "templateName": null
  },
  "schemaVersion": "1.0.0.0"
}