{
  "properties": {
    "connectionReferences": {
      "shared_office365": {
        "runtimeSource": "embedded",
        "connection": {
          "connectionReferenceLogicalName": "om_sharedoffice365_a8c4b"
        },
        "api": {
          "name": "shared_office365"
        }
      }
    },
    "definition": {
      "$schema": "https://schema.management.azure.com/providers/Microsoft.Logic/schemas/2016-06-01/workflowdefinition.json#",
      "contentVersion": "1.0.0.0",
      "parameters": {
        "$authentication": {
          "defaultValue": {},
          "type": "SecureObject"
        },
        "$connections": {
          "defaultValue": {},
          "type": "Object"
        },
        "BlueSky_App-Password (om_BlueSkyAppPassword)": {
          "type": "String",
          "metadata": {
            "schemaName": "om_BlueSkyAppPassword"
          }
        },
        "BlueSky_HandleName (om_BlueSkyHandleName)": {
          "defaultValue": "Username",
          "type": "String",
          "metadata": {
            "schemaName": "om_BlueSkyHandleName"
          }
        },
        "BlueSky_UserName (om_BlueSky_UserName)": {
          "defaultValue": "Log-in E-Mail Address",
          "type": "String",
          "metadata": {
            "schemaName": "om_BlueSky_UserName"
          }
        }
      },
      "staticResults": {
        "HTTP_20": {
          "status": "Succeeded",
          "outputs": {
            "statusCode": "OK",
            "headers": {}
          }
        }
      },
      "triggers": {
        "manual": {
          "metadata": {
            "operationMetadataId": "296eaccd-a840-491a-a52f-3c0b1889cd8d"
          },
          "type": "Request",
          "kind": "Button",
          "inputs": {
            "schema": {
              "type": "object",
              "properties": {
                "text": {
                  "description": "Please enter your input",
                  "title": "ShortText",
                  "type": "string",
                  "x-ms-content-hint": "TEXT",
                  "x-ms-dynamically-added": true
                },
                "text_1": {
                  "description": "Please enter your input",
                  "title": "Link",
                  "type": "string",
                  "x-ms-content-hint": "TEXT",
                  "x-ms-dynamically-added": true
                },
                "text_2": {
                  "description": "Please enter your input",
                  "title": "Heading",
                  "type": "string",
                  "x-ms-content-hint": "TEXT",
                  "x-ms-dynamically-added": true
                }
              },
              "required": [
                "text",
                "text_2"
              ]
            }
          }
        }
      },
      "actions": {
        "HTTP_-_Create_Session": {
          "runAfter": {
            "Append_to_array_variable_-_Email": [
              "Succeeded"
            ]
          },
          "metadata": {
            "operationMetadataId": "268dd218-6f6f-42dd-a02e-b953f7b04b43"
          },
          "type": "Http",
          "inputs": {
            "uri": "https://bsky.social/xrpc/com.atproto.server.createSession",
            "method": "POST",
            "headers": {
              "Content-Type": "application/json"
            },
            "body": {
              "identifier": "@{parameters('BlueSky_UserName (om_BlueSky_UserName)')}",
              "password": "@{parameters('BlueSky_App-Password (om_BlueSkyAppPassword)')}"
            }
          }
        },
        "Parse_JSON_-_New_session_response": {
          "runAfter": {
            "HTTP_-_Create_Session": [
              "Succeeded"
            ]
          },
          "metadata": {
            "operationMetadataId": "39d51f8e-462f-4250-884d-7cdf659577aa"
          },
          "type": "ParseJson",
          "inputs": {
            "content": "@outputs('HTTP_-_Create_Session')?['body']",
            "schema": {
              "type": "object",
              "properties": {
                "accessJwt": {
                  "type": "string"
                },
                "refreshJwt": {
                  "type": "string"
                },
                "did": {
                  "type": "string"
                }
              }
            }
          }
        },
        "HTTP_-_Post_Post": {
          "runAfter": {
            "Parse_JSON_-_New_session_response": [
              "Succeeded"
            ]
          },
          "metadata": {
            "operationMetadataId": "c6a171f8-02f9-45ce-ae44-e915c7da1978"
          },
          "type": "Http",
          "inputs": {
            "uri": "https://bsky.social/xrpc/com.atproto.repo.createRecord",
            "method": "POST",
            "headers": {
              "Authorization": "Bearer @{outputs('Parse_JSON_-_New_session_response')?['body/accessJwt']}",
              "Content-Type": "application/json"
            },
            "body": {
              "repo": "@{parameters('BlueSky_HandleName (om_BlueSkyHandleName)')}",
              "collection": "app.bsky.feed.post",
              "record": {
                "text": "@variables('Complete Text')",
                "createdAt": "@utcNow()",
                "facets": "@if(equals(length(variables('facets')), 0),'[]',variables('facets'))"
              }
            }
          },
          "runtimeConfiguration": {
            "staticResult": {
              "staticResultOptions": "Disabled",
              "name": "HTTP_20"
            }
          }
        },
        "Initialize_variable_-_Facets": {
          "runAfter": {
            "Initialize_variable_-_Remove_line_breaks": [
              "Succeeded"
            ]
          },
          "metadata": {
            "operationMetadataId": "c787e3f1-f47a-4b52-ae5d-0cfa7e98019e"
          },
          "type": "InitializeVariable",
          "inputs": {
            "variables": [
              {
                "name": "facets",
                "type": "array"
              }
            ]
          }
        },
        "Compose_-_Get_single_Words": {
          "runAfter": {
            "Initialize_variable_-_Facets": [
              "Succeeded"
            ]
          },
          "metadata": {
            "operationMetadataId": "67ea6e16-92a2-4f26-a446-0f07893fbbef"
          },
          "type": "Compose",
          "inputs": "@split(variables('Text'),' ')",
          "description": "split(replace(triggerBody()?['text'], '\\n', ''),' ')"
        },
        "Apply_to_each": {
          "foreach": "@outputs('Compose_-_Get_single_Words')",
          "actions": {
            "Condition": {
              "actions": {
                "Append_to_array_variable_-_Hashtags": {
                  "metadata": {
                    "operationMetadataId": "a3a28b50-162f-44c1-9d3e-34ae8981bd41"
                  },
                  "type": "AppendToArrayVariable",
                  "inputs": {
                    "name": "facets",
                    "value": {
                      "index": {
                        "byteStart": "@indexOf(triggerBody()['text'], item())",
                        "byteEnd": "@add(indexOf(triggerBody()['text'],item()),length(item()))"
                      },
                      "features": [
                        {
                          "$type": "app.bsky.richtext.facet#tag",
                          "tag": "@item()"
                        }
                      ]
                    }
                  }
                }
              },
              "else": {
                "actions": {}
              },
              "expression": {
                "startsWith": [
                  "@items('Apply_to_each')",
                  "#"
                ]
              },
              "metadata": {
                "operationMetadataId": "501581d5-4900-45d9-bfdc-9c2b16af24b4"
              },
              "type": "If",
              "description": "Get rid of line breaks before check for #"
            }
          },
          "runAfter": {
            "Compose_-_Get_single_Words": [
              "Succeeded"
            ]
          },
          "metadata": {
            "operationMetadataId": "81284189-9e5d-4fe3-a610-2b7401187afe"
          },
          "type": "Foreach"
        },
        "Initialize_variable_-_Remove_line_breaks": {
          "runAfter": {
            "Initialize_variable_-_Complete_Text": [
              "Succeeded"
            ]
          },
          "metadata": {
            "operationMetadataId": "e59575a8-399d-42a0-9b24-32adebc04f24"
          },
          "type": "InitializeVariable",
          "inputs": {
            "variables": [
              {
                "name": "Text",
                "type": "string",
                "value": "@{UriComponentToString(replace(uriComponent(triggerBody()?['text']), '%0A', ''))}"
              }
            ]
          }
        },
        "Append_to_array_variable_-_Email": {
          "runAfter": {
            "Apply_to_each": [
              "Succeeded"
            ]
          },
          "metadata": {
            "operationMetadataId": "aad48a77-f000-4a19-b149-8e9f47d56746"
          },
          "type": "AppendToArrayVariable",
          "inputs": {
            "name": "facets",
            "value": {
              "index": {
                "byteStart": "@indexOf(variables('Complete Text'), triggerBody()['text_1'])",
                "byteEnd": "@add(indexOf(variables('Complete Text'),triggerBody()['text_1']),length(triggerBody()['text_1']))"
              },
              "features": [
                {
                  "$type": "app.bsky.richtext.facet#link",
                  "uri": "@{triggerBody()['text_1']}"
                }
              ]
            }
          }
        },
        "Initialize_variable_-_Complete_Text": {
          "runAfter": {},
          "metadata": {
            "operationMetadataId": "1b235e09-7d51-4b8e-b643-66edf4869a60"
          },
          "type": "InitializeVariable",
          "inputs": {
            "variables": [
              {
                "name": "Complete Text",
                "type": "string",
                "value": "@{triggerBody()?['text']}\n@{triggerBody()?['text_1']}"
              }
            ]
          }
        },
        "Respond_to_a_PowerApp_or_flow": {
          "runAfter": {
            "HTTP_-_Post_Post": [
              "Succeeded"
            ]
          },
          "metadata": {
            "operationMetadataId": "c579ce96-f95c-4b5f-9507-97af6d668b82"
          },
          "type": "Response",
          "kind": "PowerApp",
          "inputs": {
            "schema": {
              "type": "object",
              "properties": {
                "status": {
                  "title": "Status",
                  "x-ms-dynamically-added": true,
                  "type": "string"
                }
              },
              "additionalProperties": {}
            },
            "statusCode": 200,
            "body": {
              "status": "Done"
            }
          }
        },
        "Respond_to_a_PowerApp_or_flow_2": {
          "runAfter": {
            "Send_an_email_(V2)": [
              "Succeeded"
            ]
          },
          "metadata": {
            "operationMetadataId": "0b7bfd44-c673-468d-bc80-c1f0d002b9bf"
          },
          "type": "Response",
          "kind": "PowerApp",
          "inputs": {
            "schema": {
              "type": "object",
              "properties": {
                "status": {
                  "title": "Status",
                  "x-ms-dynamically-added": true,
                  "type": "string"
                }
              },
              "additionalProperties": {}
            },
            "statusCode": 200,
            "body": {
              "status": "Failed"
            }
          }
        },
        "Send_an_email_(V2)": {
          "runAfter": {
            "HTTP_-_Post_Post": [
              "Failed",
              "TimedOut"
            ]
          },
          "metadata": {
            "operationMetadataId": "6fceb7ae-32c8-4dad-8469-3c9eac328710"
          },
          "type": "OpenApiConnection",
          "inputs": {
            "parameters": {
              "emailMessage/To": "olli@menzel.it",
              "emailMessage/Subject": "Flow Failed - Send 2 BlueSky",
              "emailMessage/Body": "<p>@{outputs('HTTP_-_Post_Post')['statusCode']}</p>",
              "emailMessage/Importance": "Normal"
            },
            "host": {
              "apiId": "/providers/Microsoft.PowerApps/apis/shared_office365",
              "operationId": "SendEmailV2",
              "connectionName": "shared_office365"
            }
          }
        }
      }
    },
    "templateName": null
  },
  "schemaVersion": "1.0.0.0"
}